{
  "baseName" : "Arducam OV9281 USB Camera",
  "uniqueName" : "Arducam_OV9281_USB_Camera",
  "nickname" : "Arducam_OV9281_USB_Camera",
  "FOV" : 100.0,
  "path" : "/dev/video0",
  "cameraType" : "UsbCamera",
  "currentPipelineIndex" : 0,
  "calibrations" : [ {
    "resolution" : {
      "width" : 640.0,
      "height" : 480.0
    },
    "cameraIntrinsics" : {
      "rows" : 3,
      "cols" : 3,
      "type" : 6,
      "data" : [ 365.4637587166979, 0.0, 263.6797063587005, 0.0, 366.46411409653075, 266.5482361188878, 0.0, 0.0, 1.0 ]
    },
    "cameraExtrinsics" : {
      "rows" : 1,
      "cols" : 5,
      "type" : 6,
      "data" : [ 0.17191902889398533, -0.591785163721507, -0.008696451766119738, -0.014168829679010057, 0.6145882463394663 ]
    },
    "perViewErrors" : [ 0.5397200921693909, 0.48576183686595503, 0.5227337903668575, 0.443091537310294, 0.4740569461120483, 0.49055655317175434, 0.5548544010942498, 0.588628709411165, 0.5729463293473335, 0.5019857429884181, 0.5480199064321593, 0.5652611703756435 ],
    "standardDeviation" : 0.04297140181253817
  }, {
    "resolution" : {
      "width" : 1280.0,
      "height" : 800.0
    },
    "cameraIntrinsics" : {
      "rows" : 3,
      "cols" : 3,
      "type" : 6,
      "data" : [ 926.107768570701, 0.0, 592.0648343500499, 0.0, 928.9183497751056, 466.3467519501717, 0.0, 0.0, 1.0 ]
    },
    "cameraExtrinsics" : {
      "rows" : 1,
      "cols" : 5,
      "type" : 6,
      "data" : [ -0.29873128340274924, 0.16116157527513109, 0.0021276018457387787, -3.1084564465370146E-5, -0.06262863784353073 ]
    },
    "perViewErrors" : [ 0.22760937341172574, 0.20092514624334756, 0.21779842258443163, 0.21004556460901347, 0.20200185168699034, 0.18251584494934103, 0.16160624753818278, 0.15378702033278124, 0.2606163812162184, 0.24535837598461632, 0.20262395017835924, 0.16427537155877717, 0.13528346957465498, 0.13745811469545646, 0.12767673515816658, 0.14004522828501895, 0.13631671877722598, 0.14583565611907176, 0.14797234353713257, 0.1473418595304763 ],
    "standardDeviation" : 0.03953033512458329
  } ],
  "streamIndex" : 0
}