{
  "baseName" : "Global Shutter Camera",
  "uniqueName" : "Global_Shutter_Camera",
  "nickname" : "Global_Shutter_Camera",
  "FOV" : 100.0,
  "path" : "/dev/video2",
  "cameraType" : "UsbCamera",
  "currentPipelineIndex" : 0,
  "calibrations" : [ {
    "resolution" : {
      "width" : 640.0,
      "height" : 480.0
    },
    "cameraIntrinsics" : {
      "rows" : 3,
      "cols" : 3,
      "type" : 6,
      "data" : [ 375.852595245147, 0.0, 340.1498147233116, 0.0, 376.6179920210807, 289.74403557248473, 0.0, 0.0, 1.0 ]
    },
    "cameraExtrinsics" : {
      "rows" : 1,
      "cols" : 5,
      "type" : 6,
      "data" : [ -0.14187129665815404, 0.09471041540569995, -0.010617138332417531, -0.007761174142556413, -0.08574689582082455 ]
    },
    "perViewErrors" : [ 0.11545626697901164, 0.14065377174981697, 0.1313640900642886, 0.15035705181071632, 0.1666773993121295, 0.17608950090624548, 0.1507686420932845, 0.14098979686035784, 0.14877809754325405, 0.16384544681764163, 0.14573413980622626, 0.1497321307048187, 0.1512484651276164, 0.13944658652336803 ],
    "standardDeviation" : 0.014475405801438619
  }, {
    "resolution" : {
      "width" : 1280.0,
      "height" : 720.0
    },
    "cameraIntrinsics" : {
      "rows" : 3,
      "cols" : 3,
      "type" : 6,
      "data" : [ 780.5901220449568, 0.0, 725.8104874671839, 0.0, 807.1710579013399, 408.65745513953766, 0.0, 0.0, 1.0 ]
    },
    "cameraExtrinsics" : {
      "rows" : 1,
      "cols" : 5,
      "type" : 6,
      "data" : [ -0.24998139788841406, 1.2200791881119881, -0.0454186640708381, 0.005480947703515979, -2.57752200738862 ]
    },
    "perViewErrors" : [ 0.7564909397728097, 0.7381501692210624, 0.7707831096160979, 0.809898679094402, 0.8921193281198673, 0.8687093540733843, 0.8706446451566959, 0.916436278105332, 0.9306154328860334, 1.0693420550203685, 1.095425374261183, 1.1062674982365512, 1.143169793531048, 1.0814861049074016, 1.0902561744922703, 1.078315512962841, 1.082377213671541, 1.05291030351621, 1.0162118699651579, 1.0381099430200997 ],
    "standardDeviation" : 0.12929256873048403
  } ],
  "streamIndex" : 1
}